Site,meanObs,stddeltakc,NN_1h_2_5,NN_1h_50,NN_1h,NN_1h_97_5,NN_2h_2_5,NN_2h_50,NN_2h,NN_2h_97_5,NN_3h_2_5,NN_3h_50,NN_3h,NN_3h_97_5,NN_4h_2_5,NN_4h_50,NN_4h,NN_4h_97_5,NN_5h_2_5,NN_5h_50,NN_5h,NN_5h_97_5,NN_6h_2_5,NN_6h_50,NN_6h,NN_6h_97_5
LAS,433.7852,0.1752,67.283792,85.564424,87.556936,111.345936,86.874832,111.281456,111.982488,139.90290399999998,97.58593599999998,127.09140799999997,124.939464,151.732848,100.082336,137.15012000000002,133.23725599999997,156.13413599999998,101.561032,139.154416,138.43856,164.93664,102.13623199999998,141.262376,141.51242399999998,171.85936800000002
POZ,543.4537,0.1411,53.082506,66.012507,68.514473,85.867098,68.659976,85.713958,88.66865900000002,111.232647,77.22209799999999,99.059844,99.41322700000002,123.029514,79.479798,106.652785,106.467733,131.601573,79.944701,109.245988,110.55157999999999,137.37702000000002,80.059551,110.636143,112.924007,141.831249
AJA,428.53,0.1943,75.238178,96.51579100000001,98.22294899999999,125.617074,97.077288,125.602254,125.04096700000001,155.961611,108.99207399999999,142.792372,139.237151,167.810082,111.622174,154.23220500000002,148.231329,169.875249,113.668713,155.90664400000003,154.05854,180.37326000000002,114.50176299999998,158.416659,157.525291,188.67863699999998
RAI,480.06,0.2377,93.31254199999998,121.40004900000001,122.458811,158.04468599999998,120.25983199999999,158.14270599999998,154.713113,192.45102899999998,134.909686,178.46890799999997,171.725089,204.34159799999998,137.843586,193.046995,182.301631,201.09851099999997,141.180407,193.97191600000002,189.55105999999998,215.44914,142.599357,197.395501,193.910549,226.89624300000003
SPI,535.06,0.1885,72.82271,93.190245,94.98405499999998,121.28342999999998,93.97916000000001,121.25353,121.07556500000003,151.08514499999998,105.52842999999999,138.02453999999997,134.895445,162.92799,108.11793,149.04497500000002,143.67815499999998,165.702555,109.992035,150.81958000000003,149.31529999999998,175.68570000000003,110.74678499999999,153.207505,152.662745,183.571215
