Site,meanObs,stddeltakc,IFS,IFSr,D24_2_5,D24_50,D24_97_5,D24
bon,377.675660019695,0.190218884438061,135.59317080505,35.902014654049744,87.53968309060494,122.53090570952988,163.9673412739467,123.70598767808859
dra,514.577266340269,0.137314499965366,116.583509768397,22.656171851032582,66.03246367092024,86.58872498647034,123.3759232434267,88.7107954370903
fpk,349.443527020327,0.177964024333243,124.559994936284,35.64524316658422,82.55771481219327,114.20519885151862,154.56467730992404,115.59964281595357
gwn,409.515657785382,0.175367887151036,136.187587218579,33.255770476534956,81.50230716351066,112.44143517267082,152.57276509550388,113.88234999266729
psu,352.472681951937,0.188561686663823,136.981545461719,38.86302470396777,86.86598247944397,121.40503868566806,162.69583970968483,122.60978449438564
sxf,370.072950799508,0.183282832010452,138.708736743858,37.4814577623657,84.71996969720905,117.81869041126087,158.64558568833942,119.11792771827379
tbl,427.299069083783,0.20990943748315,143.344614035513,33.54667126770795,95.54448362002498,135.90827363730244,179.07511500332168,136.73089470635406
