Site,meanObs,WPE,IFS,IFSr,D24_2_5,D24_50,D24_97_5,D24
bon,377.675660019695,0.8480497244703387,135.59317080505,35.902014654049744,66.04903126347324,114.3530788590825,158.00847718740556,112.7545843192126
dra,514.577266340269,0.8436155856471977,116.583509768397,22.656171851032582,63.00362037835191,112.51619251020813,156.60334293574044,110.77060871729702
fpk,349.443527020327,0.8499889593204425,124.559994936284,35.64524316658422,67.38091715087307,115.15642628808646,158.623001319055,113.62226004666422
gwn,409.515657785382,0.843500107006219,136.187587218579,33.255770476534956,62.924308492941236,112.46835432839626,156.56674890920073,110.71893987800661
psu,352.472681951937,0.8542245782526222,136.981545461719,38.86302470396777,70.2899825896834,116.91107378693127,159.96522660247342,115.51741149672728
sxf,370.072950799508,0.8332566744224932,138.708736743858,37.4814577623657,55.88901656011251,108.22490994626199,153.32070755774384,106.13570035020501
tbl,427.299069083783,0.8752656931558419,143.344614035513,33.54667126770795,84.7412307163637,125.62756604673908,166.6329455041547,124.93187962010467
