Site,meanObs,stdkc,stddeltakc,meanabslogr,IFS
BAC,338.734145683454,0.310152704840521,0.187090065042305,0.284941171614939,130.606157303477
DWN,537.80026742677,0.247797138312657,0.178563126633307,0.199054317723658,136.976123920447
GHA,572.887893206015,0.162461642011821,0.12910160573424,0.0852810992313093,73.7430926749922
GUR,438.853425172198,0.225432953802697,0.15999779793813,0.170960788553811,105.657606759208
HOW,406.815998611111,0.241026408355693,0.147302437948644,0.161066496438375,97.8540420119221
LAU,400.247010309278,0.300000944371016,0.216390313081518,0.253692327038655,133.345186885592
MLE,513.930723381196,0.281459342271662,0.197513859294704,0.230466140506936,156.361230908834
MUT,520.19666061078,0.244929692876486,0.183808584505271,0.202606011573954,158.463029216903
NYA,183.240206237425,0.28975968765354,0.140197247337121,0.189368508146958,81.6716629871208
TIR,484.276786402421,0.237598832474339,0.173452522298848,0.1725780195438,112.884456035518
